"id","name","username","email","phone","website","image"
"1","Patricia Lebsack","Dipschitz","Julianne.OConner@kory.org","123451234","https://kale.biz","jpg"
"2","Chelsey Dietrich","Kamren","Lucio_Hettinger@annie.ca","453218563","demarco.info","jpg"
"3","Mrs. Dennis Schulist","Leopoldo_Corkery","Karley_Dach@jasper.info","1078412367","ola.org","jpg"
"4","Kurtis Weissnat","Elwyn.Skiles","Telly.Hoeger@billy.biz","210.067.6132","elvis.io",""
"5","Nicholas Runolfsdottir V","Maxime_Nienow","Sherwood@rosamond.me","586.493.6943 x140","jacynthe.com",""
"6","Glenna Reichert","Delphine","Chaim_McDermott@dana.io","(775)976-6794 x41206","conrad.com",""
"7","Clementina DuBuque","Moriah.Stanton","Rey.Padberg@karina.biz","024-648-3804","ambrose.net",""
"8","John Doe","john22","","12345","","jpg"
"9","Gregory Litman-Navarro","gregorylitmannavarro","gregorylitmannavarro@gmail.com","5628965425","http://gregnavarro.com",""
